-- Migration script for Flyway

-- Insert into GS_USUARIO
INSERT INTO GS_USUARIO (USUARIO_ID, NOME, EMAIL, SENHA, IMG_PERFIL, DATA_CRIACAO, ULTIMA_LOCALIZACAO) VALUES (1, 'Carlos Santos', 'carlos@example.com', 'senha123', '1731187862972Front A7X.jpg', TIMESTAMP '2021-10-01 10:00:00', 'BH');
INSERT INTO GS_USUARIO (USUARIO_ID, NOME, EMAIL, SENHA, IMG_PERFIL, DATA_CRIACAO, ULTIMA_LOCALIZACAO) VALUES (2, 'Ana Silva', 'ana.silva@example.com', 'senha456', '1731186754029Front A7X.jpg', TIMESTAMP '2021-10-02 11:00:00', 'SP');
INSERT INTO GS_USUARIO (USUARIO_ID, NOME, EMAIL, SENHA, IMG_PERFIL, DATA_CRIACAO, ULTIMA_LOCALIZACAO) VALUES (3, 'José Oliveira', 'jose.oliveira@example.com', 'senha789', '1731187375710Cover - Copia.jpg', TIMESTAMP '2021-10-03 12:00:00', 'RJ');
INSERT INTO GS_USUARIO (USUARIO_ID, NOME, EMAIL, SENHA, IMG_PERFIL, DATA_CRIACAO, ULTIMA_LOCALIZACAO) VALUES (4, 'Mariana Souza', 'mariana.souza@example.com', 'senha101112', '1731187853980Cover - Copia.jpg', TIMESTAMP '2021-10-04 13:00:00', 'MG');
INSERT INTO GS_USUARIO (USUARIO_ID, NOME, EMAIL, SENHA, IMG_PERFIL, DATA_CRIACAO, ULTIMA_LOCALIZACAO) VALUES (5, 'Pedro Lima', 'pedro.lima@example.com', 'senha131415', '1731186444622Front A7X.jpg', TIMESTAMP '2021-10-05 14:00:00', 'BA');

-- Insert into GS_VEICULO
INSERT INTO GS_VEICULO (VEICULO_ID, USUARIO_ID, MARCA, MODELO, ANO, AUTONOMIA, TIPO_CONECTOR) VALUES (1, 1, 'Tesla', 'Model S', 2021, 500, 'Tipo 2');
INSERT INTO GS_VEICULO (VEICULO_ID, USUARIO_ID, MARCA, MODELO, ANO, AUTONOMIA, TIPO_CONECTOR) VALUES (2, 2, 'Nissan', 'Leaf', 2019, 240, 'CHAdeMO');
INSERT INTO GS_VEICULO (VEICULO_ID, USUARIO_ID, MARCA, MODELO, ANO, AUTONOMIA, TIPO_CONECTOR) VALUES (3, 3, 'Chevrolet', 'Bolt', 2020, 380, 'CSS');
INSERT INTO GS_VEICULO (VEICULO_ID, USUARIO_ID, MARCA, MODELO, ANO, AUTONOMIA, TIPO_CONECTOR) VALUES (4, 4, 'BMW', 'i3', 2018, 290, 'Tipo 2');
INSERT INTO GS_VEICULO (VEICULO_ID, USUARIO_ID, MARCA, MODELO, ANO, AUTONOMIA, TIPO_CONECTOR) VALUES (5, 5, 'Renault', 'Zoe', 2017, 300, 'CSS');

-- Insert into GS_POSTO_CARREGAMENTO
INSERT INTO GS_POSTO_CARREGAMENTO (POSTO_ID, NOME, LATITUDE, LONGITUDE, ENDERECO, HORARIO_FUNCIONAMENTO, FORMAS_PAGAMENTO, AVALIACAO_MEDIA) VALUES (1, 'Posto Central', -23.5558, -46.6396, 'Rua A, SP', '24 horas', 'Cartão, Dinheiro', 4.8);
INSERT INTO GS_POSTO_CARREGAMENTO (POSTO_ID, NOME, LATITUDE, LONGITUDE, ENDERECO, HORARIO_FUNCIONAMENTO, FORMAS_PAGAMENTO, AVALIACAO_MEDIA) VALUES (2, 'EletroPosto', -22.9035, -43.2096, 'Av B, RJ', '08:00-20:00', 'Cartão', 4.5);
INSERT INTO GS_POSTO_CARREGAMENTO (POSTO_ID, NOME, LATITUDE, LONGITUDE, ENDERECO, HORARIO_FUNCIONAMENTO, FORMAS_PAGAMENTO, AVALIACAO_MEDIA) VALUES (3, 'EcoCharge', -19.9191, -43.9386, 'Rua C, BH', '06:00-22:00', 'Cartão, Pix', 4.7);
INSERT INTO GS_POSTO_CARREGAMENTO (POSTO_ID, NOME, LATITUDE, LONGITUDE, ENDERECO, HORARIO_FUNCIONAMENTO, FORMAS_PAGAMENTO, AVALIACAO_MEDIA) VALUES (4, 'Carga Rápida', -30.0277, -51.2287, 'Av D, POA', '24 horas', 'Dinheiro, Pix', 4.3);
INSERT INTO GS_POSTO_CARREGAMENTO (POSTO_ID, NOME, LATITUDE, LONGITUDE, ENDERECO, HORARIO_FUNCIONAMENTO, FORMAS_PAGAMENTO, AVALIACAO_MEDIA) VALUES (5, 'PowerCharge', -12.9714, -38.5014, 'Av E, SSA', '07:00-23:00', 'Cartão', 4.6);

-- Insert into GS_PONTO_CARREGAMENTO
INSERT INTO GS_PONTO_CARREGAMENTO (PONTO_ID, POSTO_ID, TIPO_CONECTOR, VELOCIDADE_CARREGAMENTO, DISPONIBILIDADE, RESERVAVEL) VALUES (1, 1, 'Tipo 2', 22, 'disponível', 'S');
INSERT INTO GS_PONTO_CARREGAMENTO (PONTO_ID, POSTO_ID, TIPO_CONECTOR, VELOCIDADE_CARREGAMENTO, DISPONIBILIDADE, RESERVAVEL) VALUES (2, 2, 'CHAdeMO', 50, 'ocupado', 'N');
INSERT INTO GS_PONTO_CARREGAMENTO (PONTO_ID, POSTO_ID, TIPO_CONECTOR, VELOCIDADE_CARREGAMENTO, DISPONIBILIDADE, RESERVAVEL) VALUES (3, 3, 'CSS', 100, 'ocupado', 'S');
INSERT INTO GS_PONTO_CARREGAMENTO (PONTO_ID, POSTO_ID, TIPO_CONECTOR, VELOCIDADE_CARREGAMENTO, DISPONIBILIDADE, RESERVAVEL) VALUES (4, 4, 'Tipo 2', 43, 'disponível', 'N');
INSERT INTO GS_PONTO_CARREGAMENTO (PONTO_ID, POSTO_ID, TIPO_CONECTOR, VELOCIDADE_CARREGAMENTO, DISPONIBILIDADE, RESERVAVEL) VALUES (5, 5, 'CSS', 75, 'disponível', 'S');

-- Insert into GS_RESERVA
INSERT INTO GS_RESERVA (RESERVA_ID, USUARIO_ID, PONTO_ID, DATA_RESERVA, STATUS) VALUES (1, 1, 1, TIMESTAMP '2021-10-10 10:00:00', 'ativa');
INSERT INTO GS_RESERVA (RESERVA_ID, USUARIO_ID, PONTO_ID, DATA_RESERVA, STATUS) VALUES (2, 2, 2, TIMESTAMP '2021-10-11 11:00:00', 'ativa');
INSERT INTO GS_RESERVA (RESERVA_ID, USUARIO_ID, PONTO_ID, DATA_RESERVA, STATUS) VALUES (3, 3, 3, TIMESTAMP '2021-10-12 12:00:00', 'cancelada');
INSERT INTO GS_RESERVA (RESERVA_ID, USUARIO_ID, PONTO_ID, DATA_RESERVA, STATUS) VALUES (4, 4, 4, TIMESTAMP '2021-10-13 13:00:00', 'concluída');
INSERT INTO GS_RESERVA (RESERVA_ID, USUARIO_ID, PONTO_ID, DATA_RESERVA, STATUS) VALUES (5, 5, 5, TIMESTAMP '2021-10-14 14:00:00', 'ativa');

-- Insert into GS_HISTORICO_CARREGAMENTO
INSERT INTO GS_HISTORICO_CARREGAMENTO (HISTORICO_ID, USUARIO_ID, PONTO_ID, DATA_CARREGAMENTO, ENERGIA_CONSUMIDA, EMISSOES_EVITADAS) VALUES (1, 1, 1, TIMESTAMP '2021-10-10 10:00:00', 10.5, 0.8);
INSERT INTO GS_HISTORICO_CARREGAMENTO (HISTORICO_ID, USUARIO_ID, PONTO_ID, DATA_CARREGAMENTO, ENERGIA_CONSUMIDA, EMISSOES_EVITADAS) VALUES (2, 2, 2, TIMESTAMP '2021-10-11 11:00:00', 15.0, 1.1);
INSERT INTO GS_HISTORICO_CARREGAMENTO (HISTORICO_ID, USUARIO_ID, PONTO_ID, DATA_CARREGAMENTO, ENERGIA_CONSUMIDA, EMISSOES_EVITADAS) VALUES (3, 3, 3, TIMESTAMP '2021-10-12 12:00:00', 20.2, 1.5);
INSERT INTO GS_HISTORICO_CARREGAMENTO (HISTORICO_ID, USUARIO_ID, PONTO_ID, DATA_CARREGAMENTO, ENERGIA_CONSUMIDA, EMISSOES_EVITADAS) VALUES (4, 4, 4, TIMESTAMP '2021-10-13 13:00:00', 8.0, 0.6);
INSERT INTO GS_HISTORICO_CARREGAMENTO (HISTORICO_ID, USUARIO_ID, PONTO_ID, DATA_CARREGAMENTO, ENERGIA_CONSUMIDA, EMISSOES_EVITADAS) VALUES (5, 5, 5, TIMESTAMP '2021-10-14 14:00:00', 12.5, 1.0);

-- Insert into GS_AVALIACAO
INSERT INTO GS_AVALIACAO (AVALIACAO_ID, USUARIO_ID, POSTO_ID, NOTA, COMENTARIO, DATA_AVALIACAO) VALUES (1, 1, 1, 5, 'Excelente posto!', TIMESTAMP '2021-10-10 10:00:00');
INSERT INTO GS_AVALIACAO (AVALIACAO_ID, USUARIO_ID, POSTO_ID, NOTA, COMENTARIO, DATA_AVALIACAO) VALUES (2, 2, 2, 4, 'Bom, mas poderia ser mais rápido.', TIMESTAMP '2021-10-11 11:00:00');
INSERT INTO GS_AVALIACAO (AVALIACAO_ID, USUARIO_ID, POSTO_ID, NOTA, COMENTARIO, DATA_AVALIACAO) VALUES (3, 3, 3, 3, 'Regular, teve fila.', TIMESTAMP '2021-10-12 12:00:00');
INSERT INTO GS_AVALIACAO (AVALIACAO_ID, USUARIO_ID, POSTO_ID, NOTA, COMENTARIO, DATA_AVALIACAO) VALUES (4, 4, 4, 5, 'Ótimo atendimento.', TIMESTAMP '2021-10-13 13:00:00');
INSERT INTO GS_AVALIACAO (AVALIACAO_ID, USUARIO_ID, POSTO_ID, NOTA, COMENTARIO, DATA_AVALIACAO) VALUES (5, 5, 5, 2, 'Não recomendo.', TIMESTAMP '2021-10-14 14:00:00');

-- Insert into GS_VIAGEM
INSERT INTO GS_VIAGEM (VIAGEM_ID, USUARIO_ID, ORIGEM, DESTINO, AUTONOMIA_RESTANTE, NOTA_AVALIACAO) VALUES (1, 1, 'São Paulo', 'Rio de Janeiro', 300, TIMESTAMP '2021-10-10 10:00:00');
INSERT INTO GS_VIAGEM (VIAGEM_ID, USUARIO_ID, ORIGEM, DESTINO, AUTONOMIA_RESTANTE, NOTA_AVALIACAO) VALUES (2, 2, 'Belo Horizonte', 'Brasília', 250, TIMESTAMP '2021-10-11 11:00:00');
INSERT INTO GS_VIAGEM (VIAGEM_ID, USUARIO_ID, ORIGEM, DESTINO, AUTONOMIA_RESTANTE, NOTA_AVALIACAO) VALUES (3, 3, 'Curitiba', 'Florianópolis', 200, TIMESTAMP '2021-10-12 12:00:00');
INSERT INTO GS_VIAGEM (VIAGEM_ID, USUARIO_ID, ORIGEM, DESTINO, AUTONOMIA_RESTANTE, NOTA_AVALIACAO) VALUES (4, 4, 'Porto Alegre', 'Montevidéu', 150, TIMESTAMP '2021-10-13 13:00:00');
INSERT INTO GS_VIAGEM (VIAGEM_ID, USUARIO_ID, ORIGEM, DESTINO, AUTONOMIA_RESTANTE, NOTA_AVALIACAO) VALUES (5, 5, 'Salvador', 'Recife', 350, TIMESTAMP '2021-10-14 14:00:00');

-- Insert into GS_PONTO_PARADA
INSERT INTO GS_PONTO_PARADA (PONTO_PARADA_ID, VIAGEM_ID, PONTO_ID, ORDEM) VALUES (1, 1, 1, 1);
INSERT INTO GS_PONTO_PARADA (PONTO_PARADA_ID, VIAGEM_ID, PONTO_ID, ORDEM) VALUES (2, 2, 1, 1);
INSERT INTO GS_PONTO_PARADA (PONTO_PARADA_ID, VIAGEM_ID, PONTO_ID, ORDEM) VALUES (3, 3, 1, 1);
INSERT INTO GS_PONTO_PARADA (PONTO_PARADA_ID, VIAGEM_ID, PONTO_ID, ORDEM) VALUES (4, 4, 1, 1);
INSERT INTO GS_PONTO_PARADA (PONTO_PARADA_ID, VIAGEM_ID, PONTO_ID, ORDEM) VALUES (5, 5, 1, 1);
